{"stats":{"minecraft:custom":{"minecraft:open_chest":3,"minecraft:time_since_rest":4414,"minecraft:damage_taken":220,"minecraft:play_time":11827,"minecraft:sprint_one_cm":30518,"minecraft:walk_one_cm":22216,"minecraft:deaths":1,"minecraft:drop":2,"minecraft:jump":95,"minecraft:leave_game":4,"minecraft:time_since_death":10569,"minecraft:sleep_in_bed":1,"minecraft:total_world_time":11827,"minecraft:interact_with_crafting_table":2,"minecraft:fall_one_cm":4322,"minecraft:fly_one_cm":12935},"minecraft:used":{"minecraft:crafting_table":3,"minecraft:oak_sapling":1,"minecraft:bread":1,"minecraft:stone_pickaxe":16,"minecraft:wooden_pickaxe":11},"minecraft:crafted":{"minecraft:oak_planks":4,"minecraft:crafting_table":2,"minecraft:spruce_planks":36,"minecraft:stick":4,"minecraft:wooden_pickaxe":1,"minecraft:stone_pickaxe":1},"minecraft:picked_up":{"minecraft:crafting_table":1,"minecraft:oak_log":1,"minecraft:spruce_log":3,"minecraft:oak_sapling":1,"minecraft:coal":4,"minecraft:cobblestone":20,"minecraft:sunflower":2},"minecraft:mined":{"minecraft:grass":3,"minecraft:oak_log":1,"minecraft:coal_ore":4,"minecraft:sunflower":1,"minecraft:spruce_leaves":3,"biomesoplenty:sprout":3,"minecraft:spruce_log":3,"minecraft:stone":23,"minecraft:oak_leaves":2,"minecraft:crafting_table":1},"minecraft:dropped":{"minecraft:sunflower":2}},"DataVersion":3465}